Workbook

Sheet Overview
A1: Name picker
A2: Type ✓ in the Pick column of each sheet (or pick it from the drop-down). ★ marks my suggestion: simple, readable names first, then lower rarity. Name level flags names that read as advanced.
A3: Once you have picked names, I set each card's skills and stats from the stat budget.
A5: Group | B5: Target | C5: Picked | D5: Left | E5: Candidates
A6: Base | B6: 15 | C6: =COUNTIF(Base!A5:A80,"✓") -> 0 | D6: =B6-C6 -> 15 | E6: 76
A7: Otters | B7: 15 | C7: =COUNTIF(Otters!A5:A27,"✓") -> 0 | D7: =B7-C7 -> 15 | E7: 23
A8: Hummingbirds | B8: 15 | C8: =COUNTIF(Hummingbirds!A5:A26,"✓") -> 0 | D8: =B8-C8 -> 15 | E8: 22
A9: Swamp | B9: 6 | C9: =COUNTIF(Swamp!A5:A31,"✓") -> 0 | D9: =B9-C9 -> 6 | E9: 27
A10: Ice | B10: 6 | C10: =COUNTIF(Ice!A5:A29,"✓") -> 0 | D10: =B10-C10 -> 6 | E10: 25
A11: Cave | B11: 6 | C11: =COUNTIF(Cave!A5:A29,"✓") -> 0 | D11: =B11-C11 -> 6 | E11: 25
A12: Ocean | B12: 6 | C12: =COUNTIF(Ocean!A5:A41,"✓") -> 0 | D12: =B12-C12 -> 6 | E12: 37
A13: Volcano | B13: 6 | C13: =COUNTIF(Volcano!A5:A35,"✓") -> 0 | D13: =B13-C13 -> 6 | E13: 31
A14: Desert | B14: 6 | C14: =COUNTIF(Desert!A5:A14,"✓") -> 0 | D14: =B14-C14 -> 6 | E14: 10
A15: Forest | B15: 6 | C15: =COUNTIF(Forest!A5:A26,"✓") -> 0 | D15: =B15-C15 -> 6 | E15: 22
A16: Mountain | B16: 6 | C16: =COUNTIF(Mountain!A5:A16,"✓") -> 0 | D16: =B16-C16 -> 6 | E16: 12
A17: Savanna | B17: 6 | C17: =COUNTIF(Savanna!A5:A19,"✓") -> 0 | D17: =B17-C17 -> 6 | E17: 15
A18: Village and farm | B18: 6 | C18: =COUNTIF('Village and farm'!A5:A15,"✓") -> 0 | D18: =B18-C18 -> 6 | E18: 11

Sheet Base
A1: Base: pick 15
A2: Base cards everyone can get.
A4: Pick | B4: ★ | C4: Name | D4: Name level | E4: Rarity | F4: Stats | G4: Skills now | H4: Where it sits now | I4: Animal type | J4: ID
B5: ★ | C5: Acorn Chipmunk | D5: Simple | E5: Starter | F5: 2/5 | G5: — | H5: Base | I5: Chipmunk & Squirrel | J5: acorn-chipmunk
B6: ★ | C6: Ant Scout | D6: Simple | E6: Starter | F6: 2/6 | G6: Swarm | H6: Base | I6: Ant & Termite | J6: ant-scout
B7: ★ | C7: Bee Forager | D7: Simple | E7: Starter | F7: 0/3 | G7: Flying, Swarm, Diurnal | H7: Base | I7: Bee & Wasp | J7: bee-forager
B8: ★ | C8: Bee Sentry | D8: Simple | E8: Starter | F8: 2/5 | G8: Flying, Diurnal | H8: Base | I8: Bee & Wasp | J8: bee-sentry
B9: ★ | C9: Burrow Rabbit | D9: Simple | E9: Starter | F9: 3/7 | G9: — | H9: Base | I9: Rabbit & Hare | J9: burrow-rabbit
B10: ★ | C10: Chipmunk Forager | D10: Simple | E10: Starter | F10: 1/3 | G10: — | H10: Base | I10: Chipmunk & Squirrel | J10: chipmunk-forager
B11: ★ | C11: Cottontail | D11: Simple | E11: Starter | F11: 2/5 | G11: — | H11: Base | I11: Rabbit & Hare | J11: cottontail
B12: ★ | C12: Duck Paddler | D12: Simple | E12: Starter | F12: 3/6 | G12: Flying | H12: Base | I12: Duck & Goose | J12: duck-paddler
B13: ★ | C13: Duckling | D13: Simple | E13: Starter | F13: 1/3 | G13: Flying | H13: Base | I13: Duck & Goose | J13: duckling
B14: ★ | C14: Garden Snail | D14: Simple | E14: Starter | F14: 1/6 | G14: Armor 1 | H14: Base | I14: Snail & Slug | J14: garden-snail
B15: ★ | C15: Guppy | D15: Simple | E15: Starter | F15: 1/2 | G15: Swimmer | H15: Base | I15: Fish | J15: guppy
B16: ★ | C16: Harvest Mouse | D16: Simple | E16: Starter | F16: 1/3 | G16: — | H16: Base | I16: Mouse & Rat | J16: harvest-mouse
... B19: ★ | C19: Pill Bug | D19: Simple | E19: Starter | F19: 1/4 | G19: Armor 1 | H19: Base | I19: Beetle & Bug | J19: pill-bug
C20: Pond Duck | D20: Simple | E20: Starter | F20: 2/5 | G20: Flying | H20: Base | I20: Duck & Goose | J20: pond-duck
C21: Pond Trout | D21: Simple | E21: Starter | F21: 2/4 | G21: Swimmer | H21: Base | I21: Fish | J21: pond-trout
C22: River Carp | D22: Simple | E22: Starter | F22: 3/7 | G22: Swimmer | H22: Base | I22: Fish | J22: river-carp
C23: Silver Minnow | D23: Simple | E23: Starter | F23: 1/2 | G23: Swimmer | H23: Base | I23: Fish | J23: silver-minnow
C24: Sparrow Chick | D24: Simple | E24: Starter | F24: 1/2 | G24: Flying, Diurnal | H24: Base | I24: Songbird | J24: sparrow-chick
C25: Tunnel Ant | D25: Simple | E25: Starter | F25: 1/4 | G25: Swarm | H25: Base | I25: Ant & Termite | J25: tunnel-ant
C26: Worker Ant | D26: Simple | E26: Starter | F26: 1/3 | G26: Swarm, Hive Mind | H26: Base | I26: Ant & Termite | J26: worker-ant
C27: Beaver Builder | D27: Simple | E27: Common | F27: 1/8 | G27: Worthy 1 | H27: Base | I27: Beaver | J27: beaver-builder
C28: Beetle Grunt | D28: Simple | E28: Common | F28: 2/7 | G28: — | H28: Base | I28: Beetle & Bug | J28: beetle-grunt
C29: Buzzed Chipmunk | D29: Simple | E29: Common | F29: 3/7 | G29: Coffee 2 | H29: Base | I29: Chipmunk & Squirrel | J29: buzzed-chipmunk
C30: Compost Grub | D30: Simple | E30: Common | F30: 1/10 | G30: — | H30: Base | I30: Worm & Leech | J30: compost-grub
C31: Courier Pigeon | D31: Simple | E31: Common | F31: 1/2 | G31: Flying, Draw 1 | H31: Base | I31: Songbird | J31: courier-pigeon
... C80: Old Willow of the Ford | D80: Advanced | E80: Legendary | F80: 6/40 | G80: Regeneration 3, Lumber when Ready 1 | H80: Base | I80: Tree & Plant | J80: old-willow-of-the-ford

Sheet Otters
A1: Otters: pick 15
A2: The otter faction.
A4: Pick | B4: ★ | C4: Name | D4: Name level | E4: Rarity | F4: Stats | G4: Skills now | H4: Where it sits now | I4: Animal type | J4: ID
B5: ★ | C5: Fleetfoot'd | D5: Simple | E5: Starter | F5: 2/4 | G5: Quick | H5: Faction · Otters | I5: Otter | J5: fleetfootd
B6: ★ | C6: Otter Guard | D6: Simple | E6: Starter | F6: 3/8 | G6: — | H6: Faction · Otters | I6: Otter | J6: otter-guard
B7: ★ | C7: Otter Kit | D7: Simple | E7: Starter | F7: 1/3 | G7: — | H7: Faction · Otters | I7: Otter | J7: otter-kit
B8: ★ | C8: Otter Paddler | D8: Simple | E8: Starter | F8: 2/5 | G8: — | H8: Faction · Otters | I8: Otter | J8: otter-paddler
B9: ★ | C9: Helmeted Otter | D9: Simple | E9: Common | F9: 2/8 | G9: Helmet | H9: Faction · Otters | I9: Otter | J9: helmeted-otter
B10: ★ | C10: Otter Ferryman | D10: Simple | E10: Common | F10: 3/5 | G10: Tide | H10: Faction · Otters | I10: Otter | J10: otter-ferryman
B11: ★ | C11: Otter Netmender | D11: Simple | E11: Common | F11: 2/4 | G11: Armor 1 | H11: Faction · Otters | I11: Otter | J11: otter-netmender
B12: ★ | C12: Otter Riverguard | D12: Simple | E12: Common | F12: 5/20 | G12: Armor 2 | H12: Faction · Otters | I12: Otter | J12: otter-riverguard
B13: ★ | C13: Net Thrower | D13: Simple | E13: Uncommon | F13: 4/9 | G13: Boomerang | H13: Faction · Otters | I13: Otter | J13: net-thrower
B14: ★ | C14: Otter Shieldback | D14: Simple | E14: Uncommon | F14: 4/18 | G14: Bounty 1 | H14: Faction · Otters | I14: Otter | J14: otter-shieldback
B15: ★ | C15: Riverbed Diver | D15: Simple | E15: Uncommon | F15: 3/8 | G15: Evasive | H15: Faction · Otters | I15: Otter | J15: riverbed-diver
B16: ★ | C16: Otter Scout | D16: Simple | E16: Rare | F16: 2/6 | G16: Worthy 1 | H16: Faction · Otters | I16: Otter | J16: otter-scout
... B19: ★ | C19: Shellwright Apprentice | D19: Medium | E19: Common | F19: 2/6 | G19: Shell 1 | H19: Faction · Otters | I19: Otter | J19: shellwright-apprentice
C20: Otter Flag Bearer | D20: Medium | E20: Uncommon | F20: 2/6 | G20: Inspiring 1 | H20: Faction · Otters | I20: Otter | J20: otter-flag-bearer
C21: Otter Lantern Bearer | D21: Medium | E21: Uncommon | F21: 3/6 | G21: Lantern | H21: Faction · Otters | I21: Otter | J21: otter-lantern-bearer
C22: Riverstone Slinger | D22: Medium | E22: Uncommon | F22: 3/6 | G22: Reach | H22: Faction · Otters | I22: Otter | J22: riverstone-slinger
C23: Otter Royal Guard | D23: Medium | E23: Rare | F23: 2/13 | G23: Guardian, Armor 1 | H23: Faction · Otters | I23: Otter | J23: otter-royal-guard
C24: Rivergate Tribune | D24: Medium | E24: Heroic | F24: 8/30 | G24: Armor 2, Kinship (Otter +1/+1) | H24: Faction · Otters | I24: Otter | J24: rivergate-tribune
C25: Optio of the Ford | D25: Advanced | E25: Rare | F25: 4/12 | G25: Guardian | H25: Faction · Otters | I25: Otter | J25: optio-of-the-ford
C26: Otter Centurion | D26: Advanced | E26: Rare | F26: 2/8 | G26: Boomerang | H26: Faction · Otters | I26: Otter | J26: otter-centurion
C27: Marshal of Rivergate | D27: Advanced | E27: Epic | F27: 8/26 | G27: Armor 2, Cleave 1 | H27: Faction · Otters | I27: Otter | J27: marshal-of-rivergate

Sheet Hummingbirds
A1: Hummingbirds: pick 15
A2: The hummingbird faction.
A4: Pick | B4: ★ | C4: Name | D4: Name level | E4: Rarity | F4: Stats | G4: Skills now | H4: Where it sits now | I4: Animal type | J4: ID
B5: ★ | C5: Cobalt Fledgling | D5: Simple | E5: Starter | F5: 1/2 | G5: Flying, Diurnal | H5: Faction · Hummingbirds | I5: Hummingbird | J5: cobalt-talon-fledgling
B6: ★ | C6: Crimson Recruit | D6: Simple | E6: Starter | F6: 2/3 | G6: Flying, Diurnal, Quick | H6: Faction · Hummingbirds | I6: Hummingbird | J6: crimson-wing-recruit
B7: ★ | C7: Mosswing | D7: Simple | E7: Starter | F7: 1/5 | G7: Flying | H7: Faction · Hummingbirds | I7: Hummingbird | J7: mosswing-laborer
B8: ★ | C8: Daily Post | D8: Simple | E8: Common | F8: 1/3 | G8: Flying, Draw 1 | H8: Faction · Hummingbirds | I8: Hummingbird | J8: daily-post
B9: ★ | C9: Nectar Sipper | D9: Simple | E9: Common | F9: 1/4 | G9: Flying, Regeneration 1 | H9: Faction · Hummingbirds | I9: Hummingbird | J9: nectar-sipper
B10: ★ | C10: Nectar Vintner | D10: Simple | E10: Common | F10: 1/3 | G10: Flying, Bloom 1 | H10: Faction · Hummingbirds | I10: Hummingbird | J10: nectar-vintner
B11: ★ | C11: Petal Fletcher | D11: Simple | E11: Common | F11: 1/3 | G11: Flying, Arrow 1 | H11: Faction · Hummingbirds | I11: Hummingbird | J11: petal-fletcher
B12: ★ | C12: Sunfeather Scout | D12: Simple | E12: Common | F12: 2/5 | G12: Flying, Lumber when Ready 1 | H12: Faction · Hummingbirds | I12: Hummingbird | J12: sunfeather-scout
B13: ★ | C13: Dawn Bellringer | D13: Simple | E13: Uncommon | F13: 2/3 | G13: Flying, Diurnal 1 | H13: Faction · Hummingbirds | I13: Hummingbird | J13: dawn-bellringer
B14: ★ | C14: Lantern Bearer | D14: Simple | E14: Uncommon | F14: 2/6 | G14: Flying, Lantern | H14: Faction · Hummingbirds | I14: Hummingbird | J14: lantern-bearer
B15: ★ | C15: Gold-throated Acolyte | D15: Medium | E15: Starter | F15: 1/4 | G15: Flying, Diurnal | H15: Faction · Hummingbirds | I15: Hummingbird | J15: gold-throated-acolyte
B16: ★ | C16: Sunthroat Courier | D16: Medium | E16: Starter | F16: 2/5 | G16: Flying, Diurnal | H16: Faction · Hummingbirds | I16: Hummingbird | J16: sunthroat-courier
... B19: ★ | C19: Hummingbird Needler | D19: Medium | E19: Uncommon | F19: 1/4 | G19: Flying, Pierce 1, Bleed 1 | H19: Faction · Hummingbirds | I19: Hummingbird | J19: hummingbird-needler
C20: Hush-Wing Spy | D20: Medium | E20: Uncommon | F20: 4/5 | G20: Flying, Stealth | H20: Faction · Hummingbirds | I20: Hummingbird | J20: hush-wing-spy
C21: Ruby-Throat Duelist | D21: Medium | E21: Rare | F21: 3/3 | G21: Flying, Quick, Pierce 1, Evasive | H21: Faction · Hummingbirds | I21: Hummingbird | J21: ruby-throat-duelist
C22: Sunspire Choirmother | D22: Medium | E22: Epic | F22: 5/14 | G22: Flying, Esprit 2 | H22: Faction · Hummingbirds | I22: Hummingbird | J22: sunspire-choirmother
C23: Cobalt Talon Skirmisher | D23: Advanced | E23: Starter | F23: 3/6 | G23: Flying, Diurnal, Pierce 1 | H23: Faction · Hummingbirds | I23: Hummingbird | J23: cobalt-talon-skirmisher
C24: Crimson Wing Duelist Cadet | D24: Advanced | E24: Starter | F24: 3/5 | G24: Flying, Diurnal, Quick | H24: Faction · Hummingbirds | I24: Hummingbird | J24: crimson-wing-duelist-cadet
C25: Dominion Nestguard | D25: Advanced | E25: Starter | F25: 4/9 | G25: Flying | H25: Faction · Hummingbirds | I25: Hummingbird | J25: dominion-nestguard
C26: Sunspire Sky-Sovereign | D26: Advanced | E26: Heroic | F26: 7/18 | G26: Flying, Swift, Esprit 1 | H26: Faction · Hummingbirds | I26: Hummingbird | J26: sunspire-sky-sovereign

Sheet Swamp
A1: Swamp: pick 6
A2: Swamp: 6 unique cards; leftovers can be reused on nearby biomes. Bog Leech already exists (2/5, Bleed 1) and can be the shared swamp leech.
A4: Pick | B4: ★ | C4: Name | D4: Name level | E4: Rarity | F4: Stats | G4: Skills now | H4: Where it sits now | I4: Animal type | J4: ID
B5: ★ | C5: Vampire Bat | D5: Simple | H5: Proposed | J5: (new)
B6: ★ | C6: Bog Behemoth | D6: Simple | E6: Common | F6: 7/38 | G6: Bounty 1, Nocturnal, Regeneration 3 | H6: Biome fodder · Swamp | I6: Frog & Toad | J6: bog-behemoth
B7: ★ | C7: Caiman Hatchling | D7: Simple | E7: Common | F7: 2/5 | G7: Quick | H7: Biome fodder · Swamp | I7: Crocodile | J7: caiman-hatchling
B8: ★ | C8: Constrictor Coil | D8: Simple | E8: Common | F8: 6/24 | G8: Cleave 1, Bounty 1 | H8: Biome fodder · Swamp | I8: Snake | J8: constrictor-coil
B9: ★ | C9: Mudpuppy | D9: Simple | E9: Common | F9: 2/9 | G9: Regeneration 1, Swimmer | H9: Biome fodder · Swamp | I9: Newt & Salamander | J9: mudpuppy
B10: ★ | C10: Rootworm Colony | D10: Simple | E10: Common | F10: 2/14 | G10: Poison 2 | H10: Map 5 | I10: Worm & Leech | J10: rootworm-colony
C11: Swamp Alligator | D11: Simple | E11: Common | F11: 7/18 | G11: Armor 2 | H11: Biome fodder · Swamp | I11: Crocodile | J11: swamp-alligator
C12: Gangrenous Leech | D12: Simple | E12: Uncommon | F12: 2/12 | G12: Poison 2, Fester | H12: Biome fodder · Swamp | I12: Worm & Leech | J12: gangrenous-leech
C13: Adder Ambusher | D13: Simple | E13: Rare | F13: 4/10 | G13: Poison 2, shedding 3 | H13: Biome fodder · Swamp | I13: Snake | J13: adder-ambusher
C14: Bog Leech | D14: Simple | E14: Rare | F14: 2/5 | G14: Bleed 1 | H14: Map 5 | I14: Worm & Leech | J14: bog-leech
C15: Mallard Marauder | D15: Simple | E15: Rare | F15: 4/10 | G15: Flying, Pounce 1 | H15: Biome fodder · Swamp | I15: Duck & Goose | J15: mallard-marauder
C16: Raccoon Bandit | D16: Simple | E16: Rare | F16: 3/6 | G16: Nocturnal, Worthy 1 | H16: Map 6 | I16: Raccoon | J16: raccoon-bandit
C17: Old Snapjaw | D17: Simple | E17: Heroic | F17: 5/24 | G17: Bleed 1, Armor 1 | H17: Map 5 | I17: Crocodile | J17: old-snapjaw
C18: Echo Keeper | D18: Simple | E18: Common | F18: 2/6 | G18: Exile 2 | H18: Later worlds (kept out of the first world) | I18: Elemental | J18: echo-keeper
C19: Marsh Wisp | D19: Simple | E19: Common | F19: 2/4 | G19: Remember 2, Fade | H19: Later worlds (kept out of the first world) | I19: Elemental | J19: marsh-wisp
C20: Skull Vulture | D20: Simple | E20: Uncommon | F20: 3/4 | G20: Flying, Daunt 1, Nocturnal | H20: Later worlds (kept out of the first world) | I20: Eagle & Hawk | J20: skull-vulture
C21: Crocodile Ambusher | D21: Medium | E21: Common | F21: 8/24 | G21: Bounty 1 | H21: Map 6 | I21: Crocodile | J21: crocodile-ambusher
C22: Mangrove Mudskipper | D22: Medium | E22: Common | F22: 2/4 | G22: Quick | H22: Map 6 | I22: Reef & Sea Fish | J22: mangrove-mudskipper
... C31: The Unremembered | D31: Advanced | E31: Rare | F31: 3/6 | G31: Remember 3, Exile 1, Fade | H31: Later worlds (kept out of the first world) | I31: Elemental | J31: the-unremembered

Sheet Ice
A1: Ice: pick 6
A2: Ice: 6 unique cards; leftovers can be reused on nearby biomes.
A4: Pick | B4: ★ | C4: Name | D4: Name level | E4: Rarity | F4: Stats | G4: Skills now | H4: Where it sits now | I4: Animal type | J4: ID
B5: ★ | C5: Glacier Yak | D5: Simple | E5: Common | F5: 4/16 | G5: Freeze (40%), Stall 2 | H5: Map 17 | I5: Goat & Ox | J5: glacier-yak
B6: ★ | C6: Harbor Seal | D6: Simple | E6: Common | F6: 3/11 | G6: Swimmer, Evasive | H6: Biome fodder · Ice | I6: Whale & Seal | J6: harbor-seal
B7: ★ | C7: Snow Ermine | D7: Simple | E7: Common | F7: 2/5 | G7: Evasive | H7: Biome fodder · Ice | I7: Stoat & Weasel | J7: snow-ermine
B8: ★ | C8: Snowshoe Hare | D8: Simple | E8: Common | F8: 1/4 | G8: Evasive | H8: Biome fodder · Ice | I8: Rabbit & Hare | J8: snowshoe-hare
B9: ★ | C9: Yeti | D9: Simple | E9: Common | F9: 10/50 | G9: Bounty 1, Scare 2 | H9: Map 17 | I9: Ape & Monkey | J9: yeti
B10: ★ | C10: Lunar Howler | D10: Simple | E10: Rare | F10: 3/14 | G10: Moonborn 4 | H10: Map 16 | I10: Wolf | J10: lunar-howler
C11: Quill Volley | D11: Simple | E11: Rare | F11: 4/14 | G11: Bounty 1, Pounce 2 | H11: Biome fodder · Ice | I11: Porcupine | J11: quill-volley
C12: Taiga Lynx | D12: Simple | E12: Rare | F12: 3/8 | G12: Evasive | H12: Map 16 | I12: Cat | J12: taiga-lynx
C13: Wolfsbane Alpha | D13: Simple | E13: Heroic | F13: 5/18 | G13: Bleed 2, Nocturnal | H13: Map 16 | I13: Wolf | J13: wolfsbane-alpha
C14: Yeti Chieftain | D14: Simple | E14: Heroic | F14: 6/24 | G14: Rage | H14: Map 17 | I14: Ape & Monkey | J14: yeti-chieftain
C15: Boreal Elk | D15: Simple | E15: Common | F15: 5/17 | G15: Cleave 1 | H15: Spare animals (not placed yet) | I15: Deer & Elk | J15: boreal-elk
C16: Pinecone Sapper | D16: Simple | E16: Common | F16: 0/6 | G16: Explode 4 | H16: Later worlds (kept out of the first world) | I16: Elemental | J16: pinecone-sapper
C17: Trickster Fox | D17: Simple | E17: Common | F17: 3/7 | G17: Swap | H17: Spare animals (not placed yet) | I17: Fox | J17: trickster-fox
C18: Frost Thistle Lynx | D18: Medium | E18: Common | F18: 5/12 | G18: Bleed 2 | H18: Biome fodder · Ice | I18: Cat | J18: frost-thistle-lynx
C19: Glacier Wolf Pack | D19: Medium | E19: Common | F19: 6/16 | G19: Bleed 2 | H19: Biome fodder · Ice | I19: Wolf | J19: glacier-wolf-pack
C20: Permafrost Mammoth | D20: Medium | E20: Common | F20: 9/34 | G20: Cleave 1, Nocturnal, Frostbite 2 | H20: Biome fodder · Ice | I20: Big Beast | J20: permafrost-mammoth
C21: Frostbitten Wolverine | D21: Medium | E21: Uncommon | F21: 3/12 | G21: Frostbite 1 | H21: Map 17 | I21: Stoat & Weasel | J21: frostbitten-wolverine
C22: Arctic Fox Raider | D22: Medium | E22: Rare | F22: 4/6 | G22: Evasive | H22: Biome fodder · Ice | I22: Fox | J22: arctic-fox-raider
... C29: Glacial Ape-King | D29: Advanced | E29: Common | F29: 13/62 | G29: Bounty 1, Earthquake 4 | H29: Biome fodder · Ice | I29: Ape & Monkey | J29: glacial-ape-king

Sheet Cave
A1: Cave: pick 6
A2: Cave: 6 unique cards; leftovers can be reused on nearby biomes.
A4: Pick | B4: ★ | C4: Name | D4: Name level | E4: Rarity | F4: Stats | G4: Skills now | H4: Where it sits now | I4: Animal type | J4: ID
B5: ★ | C5: Cave Centipede | D5: Simple | E5: Common | F5: 3/6 | G5: Quick, Poison 1, Darksight | H5: Biome fodder · Cave | I5: Centipede | J5: cave-centipede
B6: ★ | C6: Cave Olm | D6: Simple | E6: Common | F6: 1/9 | G6: Darksight, Regeneration 1 | H6: Biome fodder · Cave | I6: Newt & Salamander | J6: cave-olm
B7: ★ | C7: Dung Beetle | D7: Simple | E7: Common | F7: 1/4 | G7: Decay 1 | H7: Map 7 | I7: Beetle & Bug | J7: dung-beetle
B8: ★ | C8: Glowworm Cluster | D8: Simple | E8: Common | F8: 2/6 | G8: Nocturnal, Prayer 1 | H8: Biome fodder · Cave | I8: Beetle & Bug | J8: glowworm-cluster
B9: ★ | C9: Nightshade Moth | D9: Simple | E9: Common | F9: 3/7 | G9: Sleep (50%), Flying, Nocturnal | H9: Map 7 | I9: Moth & Butterfly | J9: nightshade-moth
B10: ★ | C10: Quarry Mole | D10: Simple | E10: Common | F10: 2/10 | G10: Darksight | H10: Map 8 | I10: Mole | J10: quarry-mole
C11: Stalactite Golem | D11: Simple | E11: Common | F11: 6/26 | G11: Shell 3, Darksight | H11: Map 8 | I11: Elemental | J11: stalactite-golem
C12: Vampire Roost | D12: Simple | E12: Common | F12: 5/18 | G12: Progeny (2× bat-swarmling), Bounty 1, Nocturnal | H12: Biome fodder · Cave | I12: Bat | J12: vampire-roost
C13: Glimmer Spider | D13: Simple | E13: Uncommon | F13: 3/9 | G13: Darksight, Poison 1 | H13: Biome fodder · Cave | I13: Spider & Scorpion | J13: glimmer-spider
C14: Millipede Hauler | D14: Simple | E14: Uncommon | F14: 2/16 | G14: Armor 1, Progeny (3× worker-ant), Darksight | H14: Biome fodder · Cave | I14: Centipede | J14: millipede-hauler
C15: Subterraneaner | D15: Simple | E15: Uncommon | F15: 5/8 | G15: Stealth, Ambush, Darksight | H15: Biome fodder · Cave | I15: Mole | J15: subterraneaner
C16: Echo Screecher | D16: Simple | E16: Rare | F16: 4/6 | G16: Ready Strike 3, Flying, Nocturnal | H16: Map 8 | I16: Bat | J16: echo-screecher
C17: Trapdoor Spider | D17: Simple | E17: Rare | F17: 4/5 | G17: Poison 1 | H17: Map 7 | I17: Spider & Scorpion | J17: trapdoor-spider
C18: Cave Bear | D18: Simple | E18: Common | F18: 8/28 | G18: Rage, Siege 4, Darksight | H18: Spare animals (not placed yet) | I18: Bear | J18: deep-cave-troll
C19: Dynamite Packrat | D19: Simple | E19: Uncommon | F19: 1/18 | G19: Dynamite 3 | H19: Spare animals (not placed yet) | I19: Mouse & Rat | J19: dynamite-packrat
C20: Barrow Leech | D20: Simple | E20: Rare | F20: 2/7 | G20: Sap, Flying, Nocturnal | H20: Spare animals (not placed yet) | I20: Bat | J20: barrow-leech-bat
C21: Malachite Golem | D21: Simple | E21: Rare | F21: 8/34 | G21: Shell 4, Darksight | H21: Later worlds (kept out of the first world) | I21: Elemental | J21: malachite-golem
C22: Quarry Troll | D22: Simple | E22: Rare | F22: 3/16 | G22: Rock-solid, Darksight | H22: Later worlds (kept out of the first world) | I22: Elemental | J22: quarry-troll
... C29: Echo Matriarch | D29: Advanced | E29: Heroic | F29: 4/12 | G29: Flying, Nocturnal, Ready Strike 3 | H29: Map 8 | I29: Bat | J29: echo-matriarch

Sheet Ocean
A1: Ocean: pick 6
A2: Ocean: 6 unique cards; leftovers can be reused on nearby biomes.
A4: Pick | B4: ★ | C4: Name | D4: Name level | E4: Rarity | F4: Stats | G4: Skills now | H4: Where it sits now | I4: Animal type | J4: ID
B5: ★ | C5: Clownfish Scout | D5: Simple | E5: Common | F5: 1/5 | G5: Guardian, Tide, Swimmer | H5: Map 9 | I5: Reef & Sea Fish | J5: clownfish-scout
B6: ★ | C6: Conch Crawler | D6: Simple | E6: Common | F6: 1/10 | G6: Tide, Shell 2 | H6: Biome fodder · Ocean | I6: Snail & Slug | J6: conch-crawler
B7: ★ | C7: Gull Thief | D7: Simple | E7: Common | F7: 2/3 | G7: Loot 1, Flying | H7: Map 9 | I7: Waterbird | J7: gull-thief
B8: ★ | C8: Hawk Arrowkeeper | D8: Simple | E8: Common | F8: 1/8 | G8: Flying, Diurnal, Pounce 2 | H8: Map 3 | I8: Eagle & Hawk | J8: hawk-arrowkeeper
B9: ★ | C9: Mangrove Monitor | D9: Simple | E9: Common | F9: 4/10 | G9: Bounty 1 | H9: Map 9 | I9: Lizard | J9: mangrove-monitor
B10: ★ | C10: Moon Jelly | D10: Simple | E10: Common | F10: 1/7 | G10: Tide, Poison 1 | H10: Biome fodder · Ocean | I10: Coral & Jelly | J10: moon-jelly
C11: Moray Ambusher | D11: Simple | E11: Common | F11: 6/12 | G11: Stealth, Tide | H11: Map 4 | I11: Eel | J11: moray-ambusher
C12: Reef Shark | D12: Simple | E12: Common | F12: 8/22 | G12: Cleave 1, Bounty 1, Tide, Swimmer | H12: Biome fodder · Ocean | I12: Shark & Ray | J12: reef-shark
C13: Riptide Eel | D13: Simple | E13: Uncommon | F13: 7/5 | G13: Reload 1, Tide, Wash, Swimmer | H13: Map 9 | I13: Eel | J13: riptide-eel
C14: Shoal Shark | D14: Simple | E14: Uncommon | F14: 6/16 | G14: Tide, Swimmer | H14: Biome fodder · Ocean | I14: Shark & Ray | J14: shoal-shark
C15: Dolphin Knight | D15: Simple | E15: Rare | F15: 3/3 | G15: Tide, Wash, Swimmer | H15: Map 4 | I15: Whale & Seal | J15: dolphin-knight
C16: Pond Paddler | D16: Simple | E16: Rare | F16: 2/4 | G16: Flying | H16: Map 2 | I16: Duck & Goose | J16: pond-paddler
C17: Voltaic Eel | D17: Simple | E17: Rare | F17: 3/10 | G17: Stall 2, Shock (40%), Swimmer | H17: Map 10 | I17: Eel | J17: voltaic-eel
C18: Reef Admiral | D18: Simple | E18: Heroic | F18: 4/16 | G18: Evasive, Tide, Swimmer | H18: Map 10 | I18: Reef & Sea Fish | J18: reef-admiral
C19: Pelican Diver | D19: Simple | E19: Rare | F19: 3/9 | G19: Ready Strike 2, Flying | H19: Spare animals (not placed yet) | I19: Waterbird | J19: pelican-diver
C20: Coral Polyp Colony | D20: Medium | E20: Common | F20: 0/14 | G20: Lumber when Ready 1, Tide | H20: Biome fodder · Ocean | I20: Coral & Jelly | J20: coral-polyp-colony
C21: Cuttlefish Illusionist | D21: Medium | E21: Common | F21: 2/8 | G21: Evasive, Tide | H21: Map 4 | I21: Octopus & Squid | J21: cuttlefish-illusionist
C22: Eagle Sharpshooter | D22: Medium | E22: Common | F22: 3/14 | G22: Flying, Diurnal, Arrow 2 | H22: Map 3 | I22: Eagle & Hawk | J22: eagle-sharpshooter
... C41: Conch Herald | D41: Advanced | E41: Uncommon | F41: 2/9 | G41: Tide, Inspiring 1 | H41: Spare animals (not placed yet) | I41: Crab & Shrimp | J41: conch-herald

Sheet Volcano
A1: Volcano: pick 6
A2: Volcano: 6 unique cards; leftovers can be reused on nearby biomes.
A4: Pick | B4: ★ | C4: Name | D4: Name level | E4: Rarity | F4: Stats | G4: Skills now | H4: Where it sits now | I4: Animal type | J4: ID
B5: ★ | C5: Ash Moth | D5: Simple | E5: Common | F5: 2/6 | G5: Flying, Nocturnal | H5: Biome fodder · Volcano | I5: Moth & Butterfly | J5: ash-moth
B6: ★ | C6: Basalt Boar | D6: Simple | E6: Common | F6: 4/20 | G6: Grit 1 | H6: Biome fodder · Volcano | I6: Boar | J6: basalt-boar
B7: ★ | C7: Bonebreaker | D7: Simple | E7: Common | F7: 6/12 | G7: Stagger (60%) | H7: Map 20 | I7: Bear | J7: bramblewood-bonebreaker
B8: ★ | C8: Cinder Gecko | D8: Simple | E8: Common | F8: 2/4 | G8: Evasive, Dry | H8: Biome fodder · Volcano | I8: Lizard | J8: cinder-gecko
B9: ★ | C9: Cinder Hornet | D9: Simple | E9: Common | F9: 4/6 | G9: Stun 30, Flying | H9: Map 20 | I9: Bee & Wasp | J9: cinder-hornet
B10: ★ | C10: Cinder Stoker | D10: Simple | E10: Common | F10: 1/7 | G10: Worthy 1 | H10: Map 19 | I10: Newt & Salamander | J10: cinder-stoker
C11: Ember Centipede | D11: Simple | E11: Common | F11: 2/7 | G11: Quick, Dry | H11: Biome fodder · Volcano | I11: Centipede | J11: ember-centipede
C12: Scree Goat | D12: Simple | E12: Uncommon | F12: 5/14 | G12: Landslide 2 | H12: Map 19 | I12: Goat & Ox | J12: scree-goat
C13: Ember Jackal | D13: Simple | E13: Rare | F13: 3/8 | G13: Frenzy | H13: Biome fodder · Volcano | I13: Jackal & Hyena | J13: ember-jackal
C14: Ember Wisp | D14: Simple | E14: Rare | F14: 3/3 | G14: Immolation 1 | H14: Map 20 | I14: Elemental | J14: ember-wisp
C15: Magma Salamander | D15: Simple | E15: Rare | F15: 4/10 | G15: Fire Arrow 1 | H15: Map 19 | I15: Newt & Salamander | J15: magma-salamander
C16: Ash Imp | D16: Simple | E16: Common | F16: 1/3 | G16: Sacrifice 2, Devilry on arrival 1 | H16: Later worlds (kept out of the first world) | I16: Elemental | J16: ash-imp
C17: Ashbone Ghoul | D17: Simple | E17: Common | F17: 3/6 | G17: Remember 2, Fade | H17: Later worlds (kept out of the first world) | I17: Undead | J17: ashbone-ghoul
C18: Cinder Imp | D18: Simple | E18: Common | F18: 2/3 | G18: Sacrifice 1 | H18: Later worlds (kept out of the first world) | I18: Elemental | J18: cinder-imp
C19: Cinder Skeleton | D19: Simple | E19: Common | F19: 4/5 | G19: Revivificated | H19: Later worlds (kept out of the first world) | I19: Undead | J19: cinder-skeleton
C20: Magma Titan | D20: Simple | E20: Common | F20: 6/26 | G20: Scar 2, Immolation 1 | H20: Later worlds (kept out of the first world) | I20: Elemental | J20: magma-titan
C21: Pyroclast Wyrm | D21: Simple | E21: Common | F21: 7/16 | G21: Pierce 5, Fire Arrow 2 | H21: Later worlds (kept out of the first world) | I21: Dragon & Wyrm | J21: pyroclast-wyrm
C22: Brimstone Hound | D22: Simple | E22: Uncommon | F22: 4/9 | G22: Pitchfork | H22: Later worlds (kept out of the first world) | I22: Dog | J22: brimstone-hound
... C35: Ember Revenant | D35: Advanced | E35: Epic | F35: 7/22 | G35: Revivificated, Armor 2, Pierce 1 | H35: Later worlds (kept out of the first world) | I35: Undead | J35: ember-revenant

Sheet Desert
A1: Desert: pick 6
A2: Desert: 6 unique cards; leftovers can be reused on nearby biomes.
A4: Pick | B4: ★ | C4: Name | D4: Name level | E4: Rarity | F4: Stats | G4: Skills now | H4: Where it sits now | I4: Animal type | J4: ID
B5: ★ | C5: Dune Jackal | D5: Simple | E5: Common | F5: 2/10 | G5: Quick, Dry, Swift | H5: Map 18 | I5: Jackal & Hyena | J5: dune-jackal
B6: ★ | C6: Meerkat Burrower | D6: Simple | E6: Common | F6: 2/8 | G6: Dry, Darksight | H6: Map 18 | I6: Meerkat | J6: meerkat-burrower
B7: ★ | C7: Meerkat Sentry | D7: Simple | E7: Common | F7: 2/7 | G7: Sociable 1/1, Dry | H7: Map 18 | I7: Meerkat | J7: meerkat-sentry
B8: ★ | C8: Caustic Scorpion | D8: Simple | E8: Uncommon | F8: 5/13 | G8: Poison 2, Bounty 1, Dry, Thorns 1 | H8: Map 18 | I8: Spider & Scorpion | J8: caustic-scorpion
B9: ★ | C9: Sand Widow | D9: Simple | E9: Common | F9: 6/22 | G9: Poison 2, Bounty 1, Dry | H9: Spare animals (not placed yet) | I9: Spider & Scorpion | J9: sand-widow
B10: ★ | C10: Sandstorm Roc | D10: Simple | E10: Common | F10: 6/18 | G10: Fork, Dry | H10: Spare animals (not placed yet) | I10: Eagle & Hawk | J10: sandstorm-roc
C11: Thorny Devil | D11: Simple | E11: Common | F11: 2/14 | G11: Thorns 2, Dry | H11: Spare animals (not placed yet) | I11: Lizard | J11: thorny-devil
C12: Fennec Fox | D12: Simple | E12: Uncommon | F12: 2/10 | G12: Swift, Dry, Darksight | H12: Spare animals (not placed yet) | I12: Fox | J12: fennec-fox
C13: Dune Jackal Scout | D13: Medium | E13: Common | F13: 3/6 | G13: Armor 1, Dry, Swift | H13: Spare animals (not placed yet) | I13: Jackal & Hyena | J13: dune-jackal-scout
C14: Frillneck Duelist | D14: Medium | E14: Rare | F14: 3/11 | G14: Quick, Bludgeon, Dry | H14: Spare animals (not placed yet) | I14: Lizard | J14: frillneck-duelist

Sheet Forest
A1: Forest: pick 6
A2: Forest: 6 unique cards; leftovers can be reused on nearby biomes.
A4: Pick | B4: ★ | C4: Name | D4: Name level | E4: Rarity | F4: Stats | G4: Skills now | H4: Where it sits now | I4: Animal type | J4: ID
B5: ★ | C5: Earthworm | D5: Simple | E5: Starter | F5: 1/2 | G5: Regeneration 1 | H5: Map 0 | I5: Worm & Leech | J5: earthworm
B6: ★ | C6: Berserker Boar | D6: Simple | E6: Common | F6: 6/16 | G6: Rage | H6: Map 13 | I6: Boar | J6: berserker-boar
B7: ★ | C7: Bramble Hoglet | D7: Simple | E7: Common | F7: 1/6 | G7: Regeneration 1 | H7: Map 0 | I7: Hedgehog | J7: bramble-hoglet
B8: ★ | C8: Clover Butterfly | D8: Simple | E8: Common | F8: 1/4 | G8: Flying, Diurnal | H8: Map 1 | I8: Moth & Butterfly | J8: clover-butterfly
B9: ★ | C9: Hedgehog Scout | D9: Simple | E9: Common | F9: 2/4 | G9: Thorns 1 | H9: Map 1 | I9: Hedgehog | J9: hedgehog-scout
B10: ★ | C10: Pigeon Peon | D10: Simple | E10: Common | F10: 2/3 | G10: Flying | H10: Map 0 | I10: Songbird | J10: pigeon-peon
C11: Quillback Elder | D11: Simple | E11: Common | F11: 4/26 | G11: Armor 3 | H11: Map 12 | I11: Porcupine | J11: quillback-elder
C12: Stag Knight | D12: Simple | E12: Common | F12: 6/22 | G12: Bounty 1 | H12: Map 13 | I12: Deer & Elk | J12: stag-knight
C13: Cunning Vixen | D13: Simple | E13: Uncommon | F13: 3/8 | G13: Evasive, Backstab 2 | H13: Map 12 | I13: Fox | J13: cunning-vixen
C14: Soldier Ant | D14: Simple | E14: Uncommon | F14: 1/8 | G14: Swarm | H14: Map 0 | I14: Ant & Termite | J14: soldier-ant
C15: Fawn Scout | D15: Simple | E15: Rare | F15: 2/7 | G15: Keen Eye | H15: Map 13 | I15: Deer & Elk | J15: fawn-scout
C16: Lucky Hopper | D16: Simple | E16: Rare | F16: 4/11 | G16: Worthy 1 | H16: Map 1 | I16: Rabbit & Hare | J16: lucky-hopper
C17: Bramble Sprout | D17: Simple | E17: Common | F17: 2/6 | G17: — | H17: Later worlds (kept out of the first world) | I17: Elemental | J17: bramble-sprout
C18: Elder Willow | D18: Simple | E18: Common | F18: 9/48 | G18: Lumber when Ready 1, Bounty 1, Worthy 2 | H18: Later worlds (kept out of the first world) | I18: Elemental | J18: elder-willow
C19: Ent | D19: Simple | E19: Rare | F19: 3/20 | G19: — | H19: Later worlds (kept out of the first world) | I19: Elemental | J19: ent
C20: Thornvine Lasher | D20: Simple | E20: Rare | F20: 3/9 | G20: — | H20: Later worlds (kept out of the first world) | I20: Elemental | J20: thornvine-lasher
C21: Puddle Changeling | D21: Medium | E21: Common | F21: 2/5 | G21: Changeling | H21: Map 12 | I21: Changeling | J21: puddle-changeling
C22: Hollow Oath-Keeper | D22: Medium | E22: Common | F22: 4/16 | G22: — | H22: Later worlds (kept out of the first world) | I22: Elemental | J22: hollow-oath-keeper
... C26: Fungal Colossus | D26: Advanced | E26: Common | F26: 6/32 | G26: Progeny (1× bramble-sprout), Bounty 1 | H26: Later worlds (kept out of the first world) | I26: Elemental | J26: fungal-colossus

Sheet Mountain
A1: Mountain: pick 6
A2: Mountain: 6 unique cards; leftovers can be reused on nearby biomes.
A4: Pick | B4: ★ | C4: Name | D4: Name level | E4: Rarity | F4: Stats | G4: Skills now | H4: Where it sits now | I4: Animal type | J4: ID
B5: ★ | C5: Alpine Marmot | D5: Simple | E5: Common | F5: 2/8 | G5: Guardian | H5: Map 11 | I5: Chipmunk & Squirrel | J5: alpine-marmot
B6: ★ | C6: Chipmunk Hoarder | D6: Simple | E6: Common | F6: 1/5 | G6: Lumber when Ready 1 | H6: Map 11 | I6: Chipmunk & Squirrel | J6: chipmunk-hoarder
B7: ★ | C7: Elder Tortoise | D7: Simple | E7: Common | F7: 1/18 | G7: Regeneration 3, Stall 2, Swimmer | H7: Map 21 | I7: Turtle | J7: elder-tortoise
B8: ★ | C8: Eyrie Warden | D8: Simple | E8: Common | F8: 9/28 | G8: Ready Strike 6, Bounty 1, Flying, Daunt 1 | H8: Map 11 | I8: Eagle & Hawk | J8: eyrie-warden
B9: ★ | C9: Newt Doctor | D9: Simple | E9: Uncommon | F9: 1/6 | G9: Healing 1 | H9: Map 21 | I9: Newt & Salamander | J9: newt-doctor
B10: ★ | C10: Heartwood Treant | D10: Simple | E10: Rare | F10: 2/14 | G10: Timber | H10: Map 21 | I10: Tree & Plant | J10: heartwood-treant
C11: Alpine Avalanche | D11: Simple | E11: Common | F11: 6/15 | G11: Fork | H11: Later worlds (kept out of the first world) | I11: Elemental | J11: alpine-avalanche
C12: Peak Condor | D12: Simple | E12: Common | F12: 4/8 | G12: Reload 1, Flying | H12: Spare animals (not placed yet) | I12: Eagle & Hawk | J12: peak-condor
C13: Rockslide Ram | D13: Simple | E13: Rare | F13: 3/10 | G13: Build-up 1 | H13: Spare animals (not placed yet) | I13: Goat & Ox | J13: rockslide-ram
C14: Stonedrop Vulture | D14: Medium | E14: Uncommon | F14: 3/6 | G14: Flying, Skyfall 3 | H14: Map 11 | I14: Eagle & Hawk | J14: stonedrop-vulture
C15: Golden Eagle Diver | D15: Medium | E15: Rare | F15: 2/4 | G15: Flying, Diurnal, Pounce 3 | H15: Spare animals (not placed yet) | I15: Eagle & Hawk | J15: golden-eagle-diver
C16: Snow Owl Sentinel | D16: Advanced | E16: Rare | F16: 3/10 | G16: Expose 2, Flying, Nocturnal | H16: Map 21 | I16: Owl | J16: snow-owl-sentinel

Sheet Savanna
A1: Savanna: pick 6
A2: Savanna: 6 unique cards; leftovers can be reused on nearby biomes.
A4: Pick | B4: ★ | C4: Name | D4: Name level | E4: Rarity | F4: Stats | G4: Skills now | H4: Where it sits now | I4: Animal type | J4: ID
B5: ★ | C5: Dust Hyena | D5: Simple | E5: Rare | F5: 2/8 | G5: Loot 1 | H5: Map 14 | I5: Jackal & Hyena | J5: dust-hyena
B6: ★ | C6: Siege Rhino | D6: Simple | E6: Rare | F6: 8/24 | G6: Siege 4, Demolisher 3 | H6: Map 14 | I6: Big Beast | J6: siege-rhino
B7: ★ | C7: Acacia Giraffe | D7: Simple | E7: Common | F7: 4/20 | G7: Evasive | H7: Spare animals (not placed yet) | I7: Big Beast | J7: acacia-giraffe
B8: ★ | C8: Termite Mound | D8: Simple | E8: Common | F8: 0/22 | G8: Armor 3 | H8: Spare animals (not placed yet) | I8: Ant & Termite | J8: termite-mound
B9: ★ | C9: Monitor Rambler | D9: Simple | E9: Uncommon | F9: 4/16 | G9: Armor 2, Thorns 1 | H9: Spare animals (not placed yet) | I9: Lizard | J9: monitor-rambler
B10: ★ | C10: Jaguar Stalker | D10: Simple | E10: Rare | F10: 4/9 | G10: Quick | H10: Spare animals (not placed yet) | I10: Cat | J10: jaguar-stalker
C11: Plains Zebra | D11: Simple | E11: Rare | F11: 1/9 | G11: Evasive | H11: Spare animals (not placed yet) | I11: Horse | J11: plains-zebra
C12: Savanna Cheetah | D12: Simple | E12: Rare | F12: 4/6 | G12: Quick | H12: Spare animals (not placed yet) | I12: Cat | J12: savanna-cheetah
C13: Strangler Vine | D13: Simple | E13: Rare | F13: 3/14 | G13: Thorns 2 | H13: Later worlds (kept out of the first world) | I13: Elemental | J13: strangler-vine
C14: Triumphvirate | D14: Simple | E14: Unique | F14: 6/22 | G14: Dictator, Inspiring 2 | H14: Later worlds (kept out of the first world) | I14: Cat | J14: triumvirate
C15: Marching Elephant | D15: Medium | E15: Rare | F15: 7/30 | G15: Stampede, Armor 1 | H15: Map 14 | I15: Big Beast | J15: marching-elephant
C16: Old-Growth Tortoise | D16: Medium | E16: Common | F16: 3/20 | G16: Grow 2, Swimmer | H16: Spare animals (not placed yet) | I16: Turtle | J16: old-growth-tortoise
C17: Poison Dart Frog | D17: Medium | E17: Common | F17: 1/6 | G17: Poison 3 | H17: Spare animals (not placed yet) | I17: Frog & Toad | J17: poison-dart-frog
C18: War-Drum Mandrill | D18: Medium | E18: Common | F18: 4/16 | G18: — | H18: Spare animals (not placed yet) | I18: Ape & Monkey | J18: war-drum-mandrill
C19: Pride Queen | D19: Advanced | E19: Heroic | F19: 5/16 | G19: Quick | H19: Map 14 | I19: Cat | J19: pride-queen

Sheet Village and farm
A1: Village and farm: pick 6
A2: Village and farm: 6 unique cards; leftovers can be reused on nearby biomes.
A4: Pick | B4: ★ | C4: Name | D4: Name level | E4: Rarity | F4: Stats | G4: Skills now | H4: Where it sits now | I4: Animal type | J4: ID
B5: ★ | C5: Squire's Mount | D5: Simple | E5: Rare | F5: 4/14 | G5: Bounty 1 | H5: Map 15 | I5: Horse | J5: squires-mount
B6: ★ | C6: Land Tiller | D6: Simple | E6: Common | F6: 1/5 | G6: Lumber when Ready 1 | H6: Spare animals (not placed yet) | I6: Mouse & Rat | J6: land-tiller
B7: ★ | C7: Village Miller | D7: Simple | E7: Common | F7: 2/4 | G7: Worthy 1 | H7: Spare animals (not placed yet) | I7: Mouse & Rat | J7: village-miller
B8: ★ | C8: Balloon Archer | D8: Simple | E8: Uncommon | F8: 1/8 | G8: Flying, Arrow 2 | H8: Spare animals (not placed yet) | I8: Mouse & Rat | J8: balloon-archer
B9: ★ | C9: Crown Pretender | D9: Simple | E9: Uncommon | F9: 2/10 | G9: Usurper 3/0 | H9: Spare animals (not placed yet) | I9: Dog | J9: crown-pretender
B10: ★ | C10: Parish Sergeant | D10: Simple | E10: Uncommon | F10: 3/7 | G10: Rally 1 | H10: Spare animals (not placed yet) | I10: Badger | J10: parish-sergeant
C11: Stoat Cutthroat | D11: Simple | E11: Rare | F11: 3/9 | G11: Backstab 3 | H11: Spare animals (not placed yet) | I11: Stoat & Weasel | J11: stoat-cutthroat
C12: Cataphract Destrier | D12: Medium | E12: Common | F12: 11/52 | G12: Ready Strike 6, Bounty 1, Stampede | H12: Map 15 | I12: Horse | J12: cataphract-destrier
C13: Shieldbearer Hound | D13: Medium | E13: Rare | F13: 2/5 | G13: Shield Call | H13: Map 15 | I13: Dog | J13: shieldbearer-hound
C14: Sergeant Bramblefox | D14: Medium | E14: Heroic | F14: 4/14 | G14: Rally 1 | H14: Map 15 | I14: Fox | J14: sergeant-bramblefox
C15: Sworn Shieldbearer | D15: Medium | E15: Uncommon | F15: 2/12 | G15: Loyal 1/3 | H15: Spare animals (not placed yet) | I15: Badger | J15: sworn-shieldbearer
